agent,n_episodes,mean_reward,std_reward,min_reward,max_reward,error
DDPG,50,40.56997762924707,6.634917970811372,35.68839655614723,70.95085722367077,
